{"cameraMode":{"drawMode":0,"name":"Shaded","section":"Shading Mode"},"sceneLighting":true,"audioPlay":false,"sceneViewState":{"m_AlwaysRefresh":false,"showFog":true,"showSkybox":true,"showFlares":true,"showImageEffects":true,"showParticleSystems":true,"showVisualEffectGraphs":true,"m_FxEnabled":true},"in2DMode":false,"pivot":{"x":0.4883042275905609,"y":1.4024970531463624,"z":-0.3779139518737793},"rotation":{"x":0.23201458156108857,"y":-0.6091521382331848,"z":0.19262489676475526,"w":0.733535647392273},"size":1.799755573272705,"orthographic":false}