{"cameraMode":{"drawMode":0,"name":"Shaded","section":"Shading Mode"},"sceneLighting":false,"audioPlay":false,"sceneViewState":{"m_AlwaysRefresh":false,"showFog":true,"showSkybox":false,"showFlares":true,"showImageEffects":true,"showParticleSystems":true,"showVisualEffectGraphs":true,"m_FxEnabled":true},"in2DMode":false,"pivot":{"x":-29.69859504699707,"y":0.0024246424436569216,"z":11.813712120056153},"rotation":{"x":0.06077086180448532,"y":-0.7028605937957764,"z":0.060438621789216998,"w":0.7062090635299683},"size":0.14975576102733613,"orthographic":false}