{"cameraMode":{"drawMode":0,"name":"Shaded","section":"Shading Mode"},"sceneLighting":false,"audioPlay":false,"sceneViewState":{"m_AlwaysRefresh":false,"showFog":true,"showSkybox":false,"showFlares":true,"showImageEffects":true,"showParticleSystems":true,"showVisualEffectGraphs":true,"m_FxEnabled":true},"in2DMode":false,"pivot":{"x":9.678245544433594,"y":0.8689072132110596,"z":0.05866265296936035},"rotation":{"x":0.010418274439871312,"y":-0.9833759069442749,"z":0.1716442108154297,"w":0.05932116508483887},"size":1.5949363708496094,"orthographic":false}