{"cameraMode":{"drawMode":0,"name":"Shaded","section":"Shading Mode"},"sceneLighting":false,"audioPlay":false,"sceneViewState":{"m_AlwaysRefresh":false,"showFog":true,"showSkybox":false,"showFlares":true,"showImageEffects":true,"showParticleSystems":true,"showVisualEffectGraphs":true,"m_FxEnabled":true},"in2DMode":false,"pivot":{"x":8.963203430175782,"y":0.008623108267784119,"z":0.11732009053230286},"rotation":{"x":0.1035655066370964,"y":-0.0346340537071228,"z":0.0035752977710217239,"w":0.9940374493598938},"size":0.023754363879561425,"orthographic":false}