{"cameraMode":{"drawMode":0,"name":"Shaded","section":"Shading Mode"},"sceneLighting":false,"audioPlay":false,"sceneViewState":{"m_AlwaysRefresh":false,"showFog":true,"showSkybox":false,"showFlares":true,"showImageEffects":true,"showParticleSystems":true,"showVisualEffectGraphs":true,"m_FxEnabled":true},"in2DMode":false,"pivot":{"x":-8.729999542236329,"y":1.3999998569488526,"z":95.4000015258789},"rotation":{"x":0.17343705892562867,"y":0.007886760868132115,"z":-0.0013371736276894808,"w":0.9849037528038025},"size":3.457198143005371,"orthographic":false}