{"cameraMode":{"drawMode":0,"name":"Shaded","section":"Shading Mode"},"sceneLighting":false,"audioPlay":false,"sceneViewState":{"m_AlwaysRefresh":false,"showFog":true,"showSkybox":false,"showFlares":true,"showImageEffects":true,"showParticleSystems":true,"showVisualEffectGraphs":true,"m_FxEnabled":true},"in2DMode":false,"pivot":{"x":-44.76499557495117,"y":2.034311056137085,"z":92.31238555908203},"rotation":{"x":-0.0071910833939909939,"y":-0.026500457897782327,"z":-0.0001521844242233783,"w":0.9997143745422363},"size":1.4142889976501465,"orthographic":false}