{"cameraMode":{"drawMode":0,"name":"Shaded","section":"Shading Mode"},"sceneLighting":false,"audioPlay":false,"sceneViewState":{"m_AlwaysRefresh":false,"showFog":true,"showSkybox":false,"showFlares":true,"showImageEffects":true,"showParticleSystems":true,"showVisualEffectGraphs":true,"m_FxEnabled":false},"in2DMode":false,"pivot":{"x":-0.16032299399375916,"y":2.319248676300049,"z":-0.8630144596099854},"rotation":{"x":-0.0025556625332683326,"y":-0.997006893157959,"z":-0.03859679773449898,"w":0.06737259775400162},"size":1.5575095415115357,"orthographic":false}