{"cameraMode":{"drawMode":0,"name":"Shaded","section":"Shading Mode"},"sceneLighting":false,"audioPlay":false,"sceneViewState":{"m_AlwaysRefresh":false,"showFog":true,"showSkybox":false,"showFlares":true,"showImageEffects":true,"showParticleSystems":true,"showVisualEffectGraphs":true,"m_FxEnabled":false},"in2DMode":false,"pivot":{"x":0.42004144191741946,"y":0.836314857006073,"z":0.04021981731057167},"rotation":{"x":0.031536947935819629,"y":-0.6942861080169678,"z":0.0303912702947855,"w":0.71840500831604},"size":0.8891710638999939,"orthographic":false}