{"cameraMode":{"drawMode":0,"name":"Shaded","section":"Shading Mode"},"sceneLighting":false,"audioPlay":false,"sceneViewState":{"m_AlwaysRefresh":false,"showFog":true,"showSkybox":false,"showFlares":true,"showImageEffects":true,"showParticleSystems":true,"showVisualEffectGraphs":true,"m_FxEnabled":false},"in2DMode":false,"pivot":{"x":0.39676713943481448,"y":1.0370090007781983,"z":-0.1247585192322731},"rotation":{"x":0.031536947935819629,"y":-0.6942861080169678,"z":0.0303912702947855,"w":0.71840500831604},"size":1.4966168403625489,"orthographic":false}