{"cameraMode":{"drawMode":0,"name":"Shaded","section":"Shading Mode"},"sceneLighting":false,"audioPlay":false,"sceneViewState":{"m_AlwaysRefresh":false,"showFog":true,"showSkybox":false,"showFlares":true,"showImageEffects":true,"showParticleSystems":true,"showVisualEffectGraphs":true,"m_FxEnabled":true},"in2DMode":false,"pivot":{"x":0.008799135684967041,"y":2.004756450653076,"z":0.13377279043197633},"rotation":{"x":0.07768996804952622,"y":-0.7014103531837463,"z":0.07729753106832504,"w":0.7043179273605347},"size":1.0324745178222657,"orthographic":false}