{"cameraMode":{"drawMode":0,"name":"Shaded","section":"Shading Mode"},"sceneLighting":false,"audioPlay":false,"sceneViewState":{"m_AlwaysRefresh":false,"showFog":true,"showSkybox":false,"showFlares":true,"showImageEffects":true,"showParticleSystems":true,"showVisualEffectGraphs":true,"m_FxEnabled":true},"in2DMode":false,"pivot":{"x":0.39193567633628847,"y":1.0199670791625977,"z":-0.06072089076042175},"rotation":{"x":0.40130481123924258,"y":0.07238205522298813,"z":-0.03188975155353546,"w":0.9125536680221558},"size":0.3350863754749298,"orthographic":false}