{"cameraMode":{"drawMode":0,"name":"Shaded","section":"Shading Mode"},"sceneLighting":false,"audioPlay":false,"sceneViewState":{"m_AlwaysRefresh":false,"showFog":true,"showSkybox":false,"showFlares":true,"showImageEffects":true,"showParticleSystems":true,"showVisualEffectGraphs":true,"m_FxEnabled":true},"in2DMode":false,"pivot":{"x":0.13541647791862489,"y":0.7686663866043091,"z":0.3222060203552246},"rotation":{"x":-0.007965978235006333,"y":-0.9689897894859314,"z":0.24516549706459046,"w":-0.0317499078810215},"size":1.01320219039917,"orthographic":false}